Sample_ID,index,index2
PEA7255A1,GTGGATCAAA,GCCAACCCTG
PEA7255A2,TCTACCATTT,CGGGAGAGTC
PEA7255A3,CAATCCCGAC,CCGAGTAGTA
PEA7255A4,TTAATACGCG,CACCTCGGGT
PEA7255A5,ATGGAGGGAG,ATAACCCATT
PEA7255A6,AAGGGCCGCA,CTGATTCCTC
FEL6886A3,TCGTCAAGAT,GCAACTCAGG
COO4700A26,CATGTGGGTT,GATTCCTTTA
COO4700A27,TAGCATAGTG,CGGCTCTGTC
FEL6886A5,AAGATTGGAT,AGCGGGATTT
BLA6302A13,TTATTCGAGG,CTGTCCTGCT
FEL6886A13,TGTAGTCATT,CTTGATCGTA
CLA4761A37,GAGACGCACG,CTATGAACAT
NGO7013A15,CGTCCACCTG,CATTCATGAC
XUY7111A13,TGCAATGTTC,GCTTGTCGAA
XUY7111A14,ACAATGTGAA,CGTACCGTTA
XUY7111A15,TGGCTACCGG,CTGAGTCATT
MAC4536A9,ACAGTAACTA,ACAGTTCGTT
AHM4688A45,TGCGCGGTTT,CAAGGATAAA
RAT4546A1,AGCAATTC,CTGCTCCT
RAT4546A2,CCTATGCC,CAAGCTTA
RAT4546A3,AAGGATGT,CACTTCAT
RAT4546A4,TTGAGCCT,TCATTCGA
RAT4546A5,CACATCCT,GCTGCACT
RAT4546A6,TTCGCTGA,CGCATATT
RAT4546A7,CATGCTTA,ATGAATTA
RAT4546A8,AAGTAGAG,ATCGACTG
RAT4546A9,CATAGCGA,GACGGTTA
PET7303A1,TAGCGAGGCT,CCGTGAGCAA
PET7303A3,GCGCCATATA,TAGGAGGTTC
PET7303A4,GCATAAGATC,TCCAGTTCTC
PET7303A5,CTCACCAGTT,GACACACCAA
PET7303A6,CACGAGTGTC,CTCTAGCCTA
PET7303A8,GATAGATCAG,ATGGCGTACG
PET7303A9,CGCACATTAC,CTACGTTCCA
PET7303A10,CAGACTGCAG,TAAGGCCGGT
PET7303A11,GCGAAGTAGG,ACACAATGGT
PET7303A12,GCCTCTCAGA,AGTCGTCACG
PET7303A13,AAGGTGTACT,CTGTAGCGCT
PET7303A14,CAATGCGTGT,GCGCGAACAT
PET7303A15,TGTTACAGAG,CTGGTACACA
PET7303A16,GATGCTAGAA,CTGGCATCCA
PET7303A17,TGGTGGTTGT,TTGACAGGTA
PET7303A18,GTTAGTGCCT,TGCTATGCAG
PET7303A19,GAGTAGTGAC,TTGGCATCGC
PET7303A20,ATGGTTGTTG,CCTCATAACT
PET7303A21,ACTAGTAGTC,GAGTGTACGT
PET7303A23,CGGAGACTAT,GTAGAAGCAT
PET7303A24,CAACTACCGC,CCTGCAGCAT
PET7303A25,GTGAAGACAC,GATCAAGCCA
PET7303A26,GCGACAATAT,CCGTACGAAT
PET7303A28,CGCAATAAGA,ACGCTGTAGG
PET7303A29,TAGGTTCAAG,GCCGGTAAGT
PET7303A30,GTGACGCACA,CGCAACAACG
PET7303A31,TCGACCAGCA,GAGTTCGAAC
PET7303A33,TTACGGACGC,GCTGGCCAAT
PET7303A34,ACGATGGTTA,CCTAGCAATT
PET7303A35,AACGCTCTGA,CACGTTACTC
PET7303A36,TTGCCGTATC,CCGCTAATGT
PET7303A37,ACGCAACACA,CTCCTGAATG
PET7303A38,ATCATACCGC,AGTACGACAT
PET7303A39,TGTCAGGCTT,GTAAGGAATC
PET7303A40,ACAATAGCAC,ATAGGCATAC
PET7303A41,AATAGACTGC,GCGACCTTGA
PET7303A43,TCCGGAGAAC,CCAGAGGAAT
PET7303A44,GATTGGCGAT,AATGAGACAG
PET7303A45,GATCCACTTA,AACAGAACAC
PET7303A46,AAGGTGTTAG,CACCAGCACA
PET7303A47,GACTTAGGTC,AAGTCCATAG
PET7303A48,CACGTGATGG,ACACGTTGTA
PET7303A49,AATGGACGCG,CGGTGCACTT
PET7303A50,TCGCTGAGAG,CTAGAGCATT
PET7303A51,AAGACTCTCG,GAAGGAGAGC
PET7303A52,CCAATGTTGA,GACATTCAAG
PET7303A53,TCCGAGATGC,TAAGGTGACA
PET7303A54,GTAATACTCG,GATTCGTGAG
PET7303A55,CTCTTCAGCA,GTAGAGACAA
PET7303A56,AGAGCAGTAT,CCTCCTCTTG
PET7303A57,CCAGTGCACT,GATACGGAGG
PET7303A58,CGCTAATTGC,AATGCGATGG
PET7303A60,CCGAAGGTTC,GTCAGATAGA
PET7303A61,CTACAAGTTC,TTCATGGTGC
PET7303A62,ATGATCAACG,GACGCTATAC
PET7303A63,GATTCTTAGC,ACCGCTAGCA
PET7303A64,CTGTATGCCA,ACAGCCGGAA
PET7303A65,ACCAGGAATT,ATGCCATGCT
PET7303A66,GCGATGGAAG,ATCTTGCGGC
PET7303A67,AGGACGGACA,CCACGACTTC
PET7303A68,ATACACACCT,CTATCACACT
PET7303A69,AGCCACTCGT,ATCCTCTTGG
PET7303A70,GCATTCCTTC,AAGCAGGCTC
PET7303A71,GAAGATCGAC,CGTGGTCACT
PET7303A72,CGTACTTAGA,TGAACATCGG
PET7303A73,TAAGGCTCAC,AAGTAACGTC
PET7303A74,GATAGACAAC,ACGTGAACAC
PET7303A75,AGACGACAGA,ATTCCAGCTC
PET7303A76,TTGTGATCCT,ATGCCTTCAT
PET7303A77,CATCAGGCGT,CGGTAACACG
PET7303A78,AATCGTGCGG,TCTACTGAAC
PET7303A79,ATCGAGAGAC,TCTGCTTCCA
PET7303A80,TGTGACGTAT,CTAACGCTGC
PET7303A81,AACCTGATCT,CGGACGGAAT
PET7303A82,TAACTTGGTC,GATTCACGAC
PET7303A83,TAGGTCCAGA,CGGATGAGCA
PET7303A84,CGGATCATTA,AAGGTTACGG
PET7303A85,TGTCGGTGCT,CGGAAGAACT
PET7303A86,TCGAACACGA,AGAACCTCGC
PET7303A87,TTACTTCGTG,ATCCGATCTT
PET7303A88,AGAAGATTGG,AGTACCTTCT
PET7303A89,CATATGGTGC,TGAGATCTGT
PET7303A90,ACGAGACGTC,AGAGAGACCG
PET7303A91,CATAAGCGAC,CTTGAAGAGG
PET7303A92,CTCTCTCTAG,CCAATCAAGT
PET7303A93,TCTACAGCTA,GTCTTCCATT
PET7303A94,AGCACCAGTC,GCTACACGAG
PET7303A95,CAACCATACA,TATAACCGGT
PET7303A96,TCGACGTTGG,CACACTTATC
PET7303A97,AATCGAACTC,TAAGGTTCGT
PET7303A98,ACTTCAACAG,ATGCTCACGC
PET7303A99,CGAGTTCGCA,CATAATCCGG
PET7303A100,GACAATGCGG,CACTCAACAA
PET7303A101,GTGCTATCGA,CGGTGCTTAA
PET7303A102,GTCTTCTCGA,GTTGGCACCA
PET7303A103,GTAGGCCGTT,AGACAGTGGC
PET7303A104,AAGAGTACGA,ACGTCCTTGC
PET7303A105,AGGCTGGAGA,ATGACAGTTG
PET7303A106,TGGACAATAG,CACAGGACTC
PET7303A107,TCCTACGTGC,ATAGCACCTA
PET7303A108,AAGTGGCATT,CGATTGTTCT
PET7303A109,AGAACCTACA,ACCGTACACT
PET7303A110,ATACACAGAG,CCTTCTGACT
PET7303A111,CGGATTGATC,TGTTGTGACT
PET7303A112,CACGAGAAGT,CTACGCAGAC
PET7303A113,TAAGCCACGC,TCGTTCGTAA
PET7303A114,TCACACGGAT,CGATCAGAAG
PET7303A115,CCACGATAAC,GTCAGGCATG
PET7303A116,GCAACCTGAG,CGCAATGAAC
PET7303A117,ATGGTGTATC,CCACAATTGC
PET7303A118,AGGTCTATGG,GTTCTCACGG
PET7303A119,ACTGGCAAGA,ATGGACAACA
PET7303A120,GACAATTAGC,TCATGACCGG
PET7303A121,TCAATCAGAG,AACCAGAGTC
PET7303A122,AGGATACGGT,TGACGTGGTT
PET7303A123,CTTGCGAAGA,CCGCGTCATT
PET7303A124,AGAACCGGAC,TATGGTAGGA
PET7303A125,CTCAGAATTC,CGGTCTCTGT
PET7303A126,ACCTCATTGA,AGATCGGATA
PET7303A127,ACAAGAACCT,TTCAGTATCG
PET7303A128,TTCTACCGGC,CTTACGAGTA
PET7303A129,AACATAAGGC,CTAAGCTAAC
PET7303A130,GCTACAGGTC,TCCTGCATAA
PET7303A131,TGGCACGAAC,AAGAGTCAGG
PET7303A132,CACACTGTTG,AACCAATGCA
PET7303A133,TATGATGCAG,CAACTGGCCT
PET7303A134,CGTGGCAGAA,CATCGGAAGA
PET7303A135,AGAGTATGTG,GAAGCCATCT
PET7303A136,AACTCTCTAC,GAGAAGCCGT
PET7303A137,GTATGCCACA,GAAGACTCGG
PET7303A138,GCCAACAGAC,AACGTGAACG
PET7303A139,TAGTCCATCT,CTGTCCTGTC
PET7303A140,ATTCTCCACG,CGATCATCGA
PET7303A141,GCGGAGTCAA,AGCTATAGAG
PET7303A142,CAACCATGAT,GTCACCTTAT
201C-2076964,CGTCGCCTAT,CGAGAAGATA
201C-2076966,TTCGTTCACA,CACTAATCAG
201C-2076974,GTAACAGGAA,TCTGAAGACA
TIP6203A111,TATGGCAAGC,CATTGCTGTT
TIP6203A112,CCTAAGCTGA,AGATGCGACG
TIP6203A113,GCCACCTAGT,ATACATCGCA
TIP6203A114,AGTATCCGAT,TAGCGCAATA
TIP6203A115,CCTCGTTGGA,TAACGCAGTC
BAG7204A1,CGCGGTATCT,GATCGGTAAT
BAG7204A2,ACTCCGAAGC,GCAACACGGA
BAG7204A3,CGATGTCTTG,GAACGTTCGG
BAG7204A4,CTCCGCCATA,TGCTGAACGC
BAG7204A5,AACGAAGATC,TTAGACCACA
BAG7204A6,AATAGGTAGG,CCATAAGCCA
BAG7204A7,ATGTTGCCAC,ATGGCTTCTA
BAG7204A8,ACAACAGGCT,CAACAGTGGA
BAG7204A9,TATCCGCGTC,ACGATGCAAC
BAG7204A12,AATCTGCAGT,TCACTTCGCA
BAG7204A13,GAGATGAGAG,AACGCCATTC
BAG7204A15,TGACACGATT,CTTCCTAGGC
BAG7204A16,CCTCCTGTGA,CGTAGACGTG
BAG7204A19,TATGCGTAGC,GTGCCTCTGA
BAG7204A20,CAGCAGGTCA,TACCTAAGTG
BAG7204A21,TTACGCGCAT,TGTCGTTAAG
BAG7204A22,AGGATGTCCA,AACGTCCAGT
BAG7204A23,AGTTCAGGCG,AATAGCTGTG
BAG7204A25,TCACCATAAG,TCCTGAACTT
BAG7204A26,GTGCTCTAGG,CGTTGGTAAC
BAG7204A27,TAGGCGAATG,TCACTGGACT
BAG7204A28,CCAGTCGTCA,TAGCCTAGCG
BAG7204A29,TCTAGCTGCG,CCTTACCTAT
BAG7204A30,TTCTCTTAGC,AGCTCGAGGA
BAG7204A31,GCCAGCTATC,ACACGAACAA
BAG7204A32,CGCCAAGGTA,GAACACTATC
BAG7204A33,ACTTCCGGCA,ACAATTGGTC
BAG7204A34,GCAATCTGCT,CTTGGTTCGT
BAG7204A35,AGTAAGGAGA,GACCAAGCAT
BAG7204A36,AGAAGACCTA,TGTTACGGTT
BAG7204A38,AGATTAGCGT,ATATAAGGCG
BAG7204A39,TCGCGACACT,ACATTACTCG
BAG7204A40,CTTACGAACT,CTCAGTCCGT
BAG7204A42,CCTGACATCT,CTGGTAGCTA
BAG7204A43,AAGCGCTTAG,GTCACAGACA
BAG7204A44,CTCTATTGAG,GACTTGCGTG
BAG7204A45,CCGAACAGAG,GCGAGTATCA
BAG7204A46,CCGTGAGTTC,TCATACCAAG
BAG7204A47,AGGTAACAAC,AGCATCGTGC
BAG7204A48,TGGAGATCGA,CATACCGCTG
BAG7204A49,CAAGACTCAA,TATGACGGTG
BAG7204A50,CGAGCGTAGT,TGCGTGAGCA
BAG7204A51,AACAACACAG,GCCAATGTTC
BAG7204A52,CACTTACGGC,CTTCTCCAGC
BAG7204A53,AGAACTAACG,CTCTCGATAA
BAG7204A54,TCAATTCCGA,CGGATCTACA
201C-2081505,CCAGACCGAT,TGCAAGTAGC
ASH7016A86,ATAAGCGGAG,CGTAGAACAG
ASH7016A87,TCCAACTGAA,CCTACGGACA
ASH7016A88,ATTCGGCTTA,CGGACGTTAA
201C-2081503,GAACCGCATT,AGGCATAATG
VER6517A1,AAAGATCG,GTTGCCTT
VER6517A2,GTGAGCTA,CCAATGAA
VER6517A3,AACGCGGG,ATCAGTTG
VER6517A4,CTTGTGCT,ACATACAC
VER6517A5,GCTTACCC,CTCCATAT
VER6517A6,AGTAAACA,GCTTAAGT
VER6517A7,CGATGTAA,ACACGTAT
VER6517A8,CCTAGTCG,CAAGAAGT
VER6517A9,AGTAGTAA,TATCAGTA
VER6517A10,TACTAAGG,CGAGTCAG
VER6517A11,CATTCGGA,TTTCCATC
VER6517A12,AATCGTCA,CTTTAACT
VER6517A13,GCTGATTT,GCCTCTAT
VER6517A14,CGCGAAAG,CCTCCTTT
VER6517A15,TTGCCACT,CAGTTCCC
VER6517A16,TTCGTGGA,TACCTTGT
VER6517A17,AGTCCCGG,ACTTCTGC
VER6517A18,TCCTGGAC,TTAAGCAG
VER6517A19,CTACATGA,ATCAAATC
VER6517A20,CCGGATAG,TTTGAGTC
VER6517A21,AACCCGCC,AAATCCTC
VER6517A22,CGAACGTG,TACAGATG
VER6517A23,CCGTAGAA,TAAGCGCA
VER6517A24,CATCTACT,CAACGGAA
VER6517A25,AGTCTGCT,AGCCTGGA
VER6517A26,GCCGAATC,GAGGACAG
VER6517A27,ACTATGAT,CTATCGAA
VER6517A28,CCCTATCT,TCACTAAC
VER6517A29,CGTTGTCC,TCGATAAG
VER6517A30,TGGAACGG,CTTTATTC
VER6517A31,CCCTTCGG,CTGCCTTC
VER6517A32,TGTCCAAA,ACAACCAA
VER6517A33,AGTACAAG,GCAATGGG
VER6517A34,TACTGTGA,CTGGACAC
VER6517A35,CCGGAATT,AAGTATGC
VER6517A36,TCGCTCGG,TCCGATGG
VER6517A37,AGTGCGGA,GACAACGG
VER6517A38,GCTTCACA,TAGCTTTA
VER6517A39,CCGATCGT,AAACAGTC
VER6517A40,CCGTAAGC,ACCTCACT
VER6517A41,AGTTGGAT,GACATTAA
VER6517A42,TAACACGC,ATGTACGT
VER6517A103,TTGTTGCA,ACGACGTC
VER6517A104,CCACACTT,GTATGACG
VER6517A105,CCCGTTTG,TACAGCAA
VER6517A106,ATGCTCCC,CAGCAGGG
VER6517A107,GCTCAATA,GATAAATG
VER6517A108,GTAGTTCG,GCATCAAG
VER6517A109,CGAGAACC,CGATACAT
VER6517A110,GCCATGTA,AACCCTAT
VER6517A114,CCCTCGTA,CTCTTCTA
VER6517A115,CGATATGG,TACGTCCC
VER6517A116,TTGTGCCC,GATGGAAA
VER6517A117,TGTCCTCT,GTTCGTCG
VER6517A118,GTATAGTC,GAGACCAA
VER6517A119,TTTGGGAT,ACGTGAAC
VER6517A120,CACCAAGC,TTCCCTTT
VER6517A121,CGGAGAGG,GACGCTCG
VER6517A122,TATTTACC,CTCACGTC
VER6517A123,TATATGGA,CTGCCAAG
VER6517A124,GTTAACAT,ACGCCGCA
VER6517A125,CGTCTTGG,CGCCAGTC
VER6517A126,CGTAGCGA,CTAAACAA
VER6517A127,TAGTCACA,TATACCTC
VER6517A128,AGAAGTGG,CTCTTGAT
VER6517A129,CGTGGATT,ACTCTTAG
VER6517A130,GTAGATGC,GAGCAACA
VER6517A131,TACCGCTC,CAGTGACG
VER6517A132,CGAACCAC,AAGATTGA
VER6517A133,TATTGTTC,GTGTGTTT
VER6517A134,GTTGTGTG,CGTCCGAC
VER6517A135,AAAGCTAA,TGTCGTAG
VER6517A136,TGGAGATT,CAATCATA
VER6517A137,AATTAGAC,GTTCTTAT
VER6517A139,CGGACGGA,GAAGAGGG
VER6517A140,GCAGAGCC,TAGTAATC
VER6517A141,GCATGATC,GTGTGGAG
VER6517A142,TCGACCTA,ACGTTGTA
VER6517A146,CGTATAAA,TTGCACCG
VER6517A147,AGAGACGG,GCGGGATA
VER6517A148,TACAAGTC,GAAGTGAA
VER6517A149,TGAATCTT,CTGTTTAC
VER6517A150,GCAACTTG,GAGCACTC
VER6517A151,ACGACGTC,TTGTTGCA
VER6517A152,GTATGACG,CCACACTT
VER6517A153,TACAGCAA,CCCGTTTG
VER6517A154,CAGCAGGG,ATGCTCCC
VER6517A155,GATAAATG,GCTCAATA
VER6517A156,GCATCAAG,GTAGTTCG
VER6517A157,CGATACAT,CGAGAACC
VER6517A158,AACCCTAT,GCCATGTA
VER6517A159,ACGTCGAG,TTTCTCTA
VER6517A160,TGACTAGA,CCAGCGAT
VER6517A161,TAGACGGG,TGGGAGTG
VER6517A162,CTCTTCTA,CCCTCGTA
VER6517A163,TACGTCCC,CGATATGG
VER6517A164,GATGGAAA,TTGTGCCC
VER6517A165,GTTCGTCG,TGTCCTCT
VER6517A166,GAGACCAA,GTATAGTC
VER6517A167,ACGTGAAC,TTTGGGAT
VER6517A168,TTCCCTTT,CACCAAGC
VER6517A169,GACGCTCG,CGGAGAGG
VER6517A170,TATACCTC,TAGTCACA
VER6517A171,CTCTTGAT,AGAAGTGG
VER6517A172,ACTCTTAG,CGTGGATT
VER6517A173,GAGCAACA,GTAGATGC
VER6517A174,CAGTGACG,TACCGCTC
VER6517A175,AAGATTGA,CGAACCAC
VER6517A176,GTGTGTTT,TATTGTTC
